C#1,Hector,Lee,07700900202,hectorlee9@gmail.com,9666 North Road,SR96 1IS
C#2,Chloe,Leonard,01214960812,chloeleonard9@gmail.com,32 Station Road,PH41 2OG
C#3,Lily,Burrel,02079460243,lilyburrel2@outlook.com,92 Mill Lane,LA0 8QD
C#4,Pedro,Albert,01514960961,pedroalbert5@gmail.com,61 The Grove,WD32 8UR
C#5,Olivia,Paul,01134960434,oliviapaul4@icloud.com,280 Kingsway,KA43 2HCC
C#6,Daniel,Ho,63463630363,Danielho54334@gmail.com,34 sth,BU4654 3GD
C#7,John,Steve,66666675674,gmil,56 cosslet ,gf1178
C#8,foysol,miah,07846282941,hfhbdid@jjbsn.com,queen mary,HD65
C#9,BOB,BOB,80808080808,BOB@gmail.com,BOB,BOB
